{
  "best_model": "sgd_classifier",
  "base_model": "sgd_classifier",
  "personalized_model": "sgd_classifier",
  "metrics": {
    "sgd_classifier": {
      "roc_auc": 0.6489243734752717,
      "pr_auc": 0.23604738959471508,
      "f1": 0.3286908077994429,
      "precision": 0.22692307692307692,
      "recall": 0.5959595959595959
    }
  },
  "validation_rows": 600,
  "train_rows": 2400
}